{"cameraMode":{"drawMode":0,"name":"Shaded","section":"Shading Mode"},"sceneLighting":true,"audioPlay":false,"sceneViewState":{"m_AlwaysRefresh":false,"showFog":true,"showSkybox":true,"showFlares":true,"showImageEffects":true,"showParticleSystems":true,"showVisualEffectGraphs":true,"m_FxEnabled":true},"in2DMode":false,"pivot":{"x":117.57472229003906,"y":42.5488395690918,"z":21.682479858398439},"rotation":{"x":0.1249828040599823,"y":-0.18255266547203065,"z":0.023402368649840356,"w":0.9749391078948975},"size":15.472284317016602,"orthographic":true}